제목,청원시작일,청원마감일,청원인원,링크,내용
근로복지공단의 억울한 불승인 및 불친절한 담당직원의 행동에민원을 제기합니다.,2020-09-11,2020-10-11,465,http://www1.president.go.kr/petitions/592692,"
										안녕하세요.?
2019년11월20일경 엄마가 목포시 유달산조경과관련된 공공근로중 산비탈에서 작업하가 미끄러져서 정형외과를 갔습니다. 병원에서 엑스레이를 찍어봤지만 골절부분등의 소견이 보이지않는다며 며칠 물리치료를 받아보자고 하여 귀가하였으나 밤새 무릎은 통증이 심했고 부풀어오르기 시작했습니다. 
어떻게 해서든 빨리 나아 일을 하고 싶었던 엄마는 다음날 한의원을 방문하였습니다. 통증도 심해지고 피가많이 고여있다는 한의사님의 소견으로 이틀에걸쳐 좌측무릎부분에 사혈과 한방 치료를 받았습니다. 덕분에 부풀어오른 무릎은 가라앉았지만 통증은 계속되어 다음날 정형외과를 재방문해 mri촬영을 시행한 결과 무릎 좌측 전방십자인대의 파열 및 좌측외측 반달연골의 찢김이라는 판정을 받아 산재신청을 하고 수술과 재활치료를 받고있었습니다.
그러나 근로복지공단에서는 불승인의 통보를 받았습니다. 1.기존의 무릎관절염이있고 2.사고가 난부분에 출혈이 보이지않고 3.이미 파열이되었는데 마치 사고가 발생했을 때 파열되었다는 이유로 불승인이 되었다고 합니다. 저희는 이해가 되지 않았습니다. 평생 일을 하신분이 관절염이 있다고 산재처리가안된다는건 납득할 수 없었고 이미파열과 찢김이 있어 수술을 해야할정도의 고통을 참고 한달을 넘게 일했다는 건 객관적으로 어느누가봐도 정상적인 이유라고 생각되기 어려웠습니다.그리고 여러명이 함께 일하다 다치셔서 엄마가 다치시는걸 모두 보셨을 뿐 아니라 이미 한의원에서 사혈을 통해 많은양의피를 뽑아 제거했기에 위에서 언급한 조건으로 불승인이 되었다는건 정말 억지스러운 일이라고 밖에 생각이 되지 않습니다. 그래서 시청담당 직원과함께 근로복지공단을 방문해 불승인이 이해가되지않는다고하자 담당자분이 근골격계 질병산재로 신청하면 바로 승인이 될것처럼 말씀을 하셨습니다.. 결과를 받아들이지 못해 반박을 준비 하려고 하였으나 저희는 속상한마음을 가다듬고 저희보다는 더 전문가이신 담당자분의 말씀을 듣고 다시 질병산재로 신청하였지만 결과는 또불승인이라더군요. 너무 속상하고 화가나서 전화를걸어 이유를묻고 하던중 말도없이 전화를 끊으셨습니다.기가막히죠. .어이가 없었습니다. 근로자를 이런식으로 대하는 60년 인생을 살면서 산재관련업무는 이번이 처음하는 거였는데 담당직원이 시키는데로 한 저희는 반년의시간이 넘도록 두 번의 불승인과 심적고통, 수술비 ,재활치료를 감당 하면서 절망에 빠졌습니다.더 화가난건 불승인도 정말 속상하지만 전화했더니 얘기하다 끊어버린 공단직원에게 더 화가났습니다. 근로복지공단은 이런식으로 근로자에게 전화를 대하나요? 근로복지공단 직원에게 농락당한부분도 너무 불쾌하고 시간만 지체되어 그 어떤것도 할수 없는 억울한 지금 심정이 너무 안타까워 민원을 제기합니다.     긴글 읽어주셔서 감사합니다.									"
근로복지공단 질판위와 재심위의 제도개선,2020-07-29,2020-08-28,272,http://www1.president.go.kr/petitions/591259,"
										상기 본인은 지난 2015년도에 지게차사고로   산재사고를 당했고  그당시  경추만 산재승인되고  허리는  불승인처리되었습니다
전문의들은  저에 허리가 목(경추)와 똑같은 질환이다라고
진단서도 나왔으나 근로복지공단은  직업환경평가는 만점7점에서 6점을 인정하였으나 상병코드가 없다는 것으로 산재 불승인 처리하였습니다 
근로복지공단에서 요즘 산재보험을 대폭 확대하였다고  연일
광고하고 있으나 산재당사자로써는   허울좋은  빗살구로 보입니다
20년을 넘게 근무해서 열악한 환경에서 몸이  망가졌는데 환경은 인정하나 아픈것은 인정 못한다니  도대체가 무슨말인지
이해할수가 없네요
공단의 불승인으로 재심을 청구하였으나  똑같이 불승인입니다
대학교수의 진단서도 불가이고 자신들의 주장많이 맞다
2008년도에  공단은 질판위  제도를 신설하였으나 지금까지 한번도 제도개선이 없는걸로 압니다
지금의 산재자도  구제도 못하면서  산재확대를  광고하는것은
공단의 이미지개선  방안으로 밖에 보이질않네요
또한 재심위는 불복시 행정소송을 하랍니다
지난 5년간 산재때문에 생계도 힘든데 소송비용을 어떻게 충당하라고 던지기식 행정처리합니까?
산재자를 두번죽이는 처사지요
근로복지공단의  잘못된점을 개선바랍니다									"
산업재해보상보험법이 정말 우리 옆에 있습니까,2020-07-21,2020-08-20,473,http://www1.president.go.kr/petitions/590984,"
										작년 11월 9일 저희 남편은 급성뇌경색으로 쓰러졌습니다.
새벽에 일어나 옷을 입던 중 갑자기 하품을 여러 번 하더니, 쓰러져 아직까지도 가정으로 돌아오지 못하고 있습니다.
바로 응급조치를 하고 병원에 갔지만 혈전 녹이는 약으로 해결이 불가능할만큼 막힌 부분이 컸습니다.
머리개복 1차 수술, 2차 수술을 하는 동안 엄청난 수술비에 매일매일이 힘들었습니다.
보험 설계사의 실수로 보험회사로부터 일방적 해지통보를 받아 실비도 받지 못하였습니다.

저희 남편은 꾸준히 건강검진을 받아왔고 그저 일하면서 지친 몸을 달래기 위한 영양제만을 먹고 있었습니다.
**번 노선을 받으면서 주간이면 새벽 4시에 나가고 오후반이면 날마다 새벽 1시에 귀가하여 제대로 쉬지 못하는 날들도 많았습니다.
또한 조선대 - 전남대 - 광천터미널을 지나는 근로강도가 높은 배차를 갑자기 맡게 되면서 푸념을 많이 늘어놓았습니다.
교대 근로자의 갑질이 있었음에도 회사에서 오히려 남편에게 불이익을 줄까봐 말도 못하고 근무를 하였습니다.
앞, 뒤차의 배차 간격을 지키지 못하면 회사에서 들어오는 압박때문에 밥도 건너뛰기가 일상이었고, 드시는 날마저도 5분이내로 급히 식사를 마치고 나가야 했습니다.
버스 기사들이 보통 1년에 노선을 1개 받는 반면, 저희 남편은 3개를 받았습니다. 이부터 과중한 업무라고 할 수 있는 것 아닙니까?
근로복지공단에서는 최근 몇 주의 일이 아니라는 이유를 들었습니다. 특히 마지막 노선은 긴 운행 시간과 빠듯한 배차로 인해 업무 강도가 아주 높았음에도 남편은 회사 규정 준수를 위해
다른 분들이 위반딱지를 2,3개 받을 때에도 그 하나 없이 무사고로 운전하였습니다.

남편은 버스회사의 무리한 규정준수요구, 탑승객과의 실랑이에서 받은 스트레스, 불규칙한 교대근무, 늘어난 주행거리 등으로 쓰러진 것입니다.

그러나 근로복지공단에서는 스트레스 받은 정도가 명백하지 않고, 업무 강도가 뇌경색에 뚜렷하게 영향을 준 것이 불분명하다는 이유 등으로 산재 처리를 불승인하였습니다.
또한 제 시간에 맞춰 운행을 하려면 기사들은 운행시간보다 두 시간정도 이른 시각에 출근을 해야 합니다.
그러나 이는 산재처리 과정 중 회사 업무일지에 써진 것과 다르다는 이유로 기각되었습니다. 
정상적으로 운행을 하기 위해서 꼭 필요한 시간인데 이를 어떻게 강제성이 없다고 할 수 있습니까? 남편은 탑승객의 안전을 위해 버스를 꼭 점검해야만 했고, 이를 수행하지 않아서 생기는 불이익은 모두 남편이 감내해야했습니다.
쉬는 시간 또한 당연히 보장받지 못했습니다. 그러나 이도 차에서 쉬고 있을 수 있는지 어떻게 아냐며 지침서에 있는 내용이 아니라는 이유로 인정받지 못했습니다.

어떻게 불과 1, 2주의 일로 급성 뇌경색을 판단하는 것입니까? 
꾸준한 과로와 스트레스가 쌓여서 병이 생겼다고 판단하는 것이 훨씬 합리적이고 올바르지 않습니까?

어딘가 골절되고 절단되고, 스트레스를 증명하기 위해 병원에 갔던 기록이 있어야만 인정받을 수 있는 것이라면 근로자를 보호하기 위해 만들어진 제도가 제대로 작동하고 수혜할 수 있겠습니까?
일 때문에 힘들었던 것을 명명백백히 밝혀내야지만 인정받을 수 있다는 게 얼마나 터무니 없는 조건이겠습니까.

남편의 건강했던 모습을 잃은 것도 마음이 찢어지게 아프지만, 가장으로서 회사에서 버텨내기 위해 감내해야했던 과로와 스트레스가 물거품이 되어버린 것이 너무 마음이 아픕니다.
많은 사람들의 안전을 신경쓰며 날마다 도로를 달리시는 이땅의 모든 기사님들 수고가 많으십니다.
고마운 기사님들 덕분에 저도, 아직까지 공부중인 제 두딸들도, 대한민국 국민들도 일상을 삽니다.
제 남편과 다시 웃으며 단란했던 집으로 돌아오고 싶습니다.

 [본 게시물의 일부 내용이 국민 청원 요건에 위배되어 관리자에 의해 수정되었습니다]									"
환경 영향평가 무시하고 교육터전 앗아가는 경남 고성군  상리면 풍력발전 계획을 철회하라,2020-07-15,2020-08-14,229,http://www1.president.go.kr/petitions/590806,"
										본 국민청원은 경남 고성군 상리면과 하일면 일대 산지 40,992 ㎡의 면적에 날개직경 158m, 타워높이 125.4m의 용량 5.5MW 대형발전기 6기(총33MW)를 세우겠다는 경남고성풍력발전사업(GS EPS 시행) 사업안에 관한 내용입니다.

 녹색 뉴딜은 이제 세계인의 유행어가 됐습니다. 특히 코로나19 사태를 겪으며 더욱 대세가 되고 있습니다. 
 특히 기후변화협약에 대응하기 위해 신재생에너지 성장을 정부차원에서 강력히 추진하고 있어, 2030년까지 13GW의 전기를 풍력으로 대체할 예정이며 이중 2.5GW는 육상에서 충당할 것으로 압니다. 
 이런 급박한 현실에도 불구하고 경남 고성군 상리면과 하일면에 설치하려는 풍력발전사업에 대해서 우리가 반대할 수 밖에 없는 몇가지 정확한 사실을 밝히면서, 국민여러분의 지지를 얻어 사업의 철회를 요청하고자 합니다.
 1. 고성군 하일면 상리면 풍력사업계획(이하 풍력사업)의 불합리한 계획 내용
 산지에 신규풍력 발전단지 건설이 계획되면 에너지 생산을 위한 부지조성, 연결도로, 진입도로, 송전선로 등의 시설물들이 산능선에 주로 설치되기 때문에 자연환경 및 산림경관 훼손, 주민피해 등의 많은 문제가 발생하고 있는 것이 사실이며 그 정도나 강도가 여건에 따라 매우 심각할 것입니다. 

 1) 입지 여건
  ① 풍력세기: 경제성 있는 풍력발전을 위해서는 풍력발전기 전력발생 임계값(threshold)이 풍속 4m/s이상일 때 발전이 가능하며 풍력밀도가 300W/m2(6.4m/s)가 되어야 하는 것으로 알고 있습니다. 사업이 계획된 고성군 하일면 일대는 국가산하기관인 기상청에서 개발한 풍력지도에서 수치화한 자료를 보면 풍력발전을 하기에는 풍속이 약해(80m표고 평균3.5m/s이하) 적합한 지역이 아닙니다. 발전사업자가 측정한 풍속 계측값은 한국에너지 기술연구원에서 자료를 검증받도록 되어 있으니 이 기회에 정확한 정보를 주민들에게 제공해야 합니다. 발전사업자는 풍속이 약하고 발전역량이 떨어지는 이곳에서 타워높이와 날개길이를 늘려서 유리한 조건을 얻고자, 제가 아는 한 국내에서 규모가 가장 큰 발전기를 건설하고자 합니다. 발전기의 회전직경이 158m인, 일반적인 운동장 길이에 달하는 77.4m의 날개 3개가 높이 125.4m의 타워에 매달려 하늘에서 계속 돌아갈 것입니다. 우리마을 사람들은 거의 산정상부에 세워진 높이 200m이상의 거대한 몸집을 자랑하는 구조물을 매일 올려다보아야 합니다. 
 과연 그 자리에 풍력발전시설이 꼭 들어서야만 하는가? 다른 방법은 없는가? 하는 문제의식과 더불어 고성풍력발전의 가동유용성, 일자리창출, 편익분석 등을 통한 경제성과 자연 훼손과 주민피해 등을 고려한 환경적정성을 제대로 비교 평가해 보아야 합니다.   
  ② 평균경사도: 발전기가 세워질 백암산, 향로봉 일대의 산지경사도는 평균경사도 28°이상이며 90%이상이 20°이상의 급경사지입니다. 이런곳에 구조물을 세운다면 산사태를 비롯한 재해위험이 크다고 경고합니다. 물론 산사태 위험등급도 높습니다. 삼림청 임업연구원 창에서 쉽게 확인이 됩니다.

  ③ 생태계 교란: 와룡지맥상에 위치한 예정지는 법정보호종(수달, 삵 등)의 활동이 빈번한 곳으로 관련생물종의 이동과 활동에 영향을 줄 수 있으며 블레이드에 조류충돌 영향을 무시할 수 없다고 낙동강유역환경청에서 지적하고 입지재검토를 언급했습니다. 철새이동경로도 살펴볼 필요가 있습니다. 

  ④ 삼림훼손: 식생보존등급Ⅲ(녹지자연도7등급)에 이르는 굴참나무 및 곰솔나무 중심의 해안역 혼효림으로 생태적 안정성을 저해한다고 역시 낙동강유역환경청조사에서 명시했습니다.

  ⑤ 녹지훼손: 대경목을 포함한 몇천 주의 양호한 수목 훼손으로 인한 녹색갈등이 유발됩니다.

 이웃 사천과 통영에는 환경관련모임이 있어 여러모로 지역의 생태나 환경문제에 대해 조언과 협조를 받지만 저희 고성군에는 이러한 환경지킴이 역할을 하는 단체가 없어 불리하다고들 합니다. 이 청원을 통하여 많은 분들이 관심을 가져주시길 부탁드립니다.

 2) 피해요인
  ① 소음: 예정지 주변에는 학교, 사찰, 자연부락등의 정온시설이 많습니다. 소음으로 인한 영향이 없다고 설명했으나 발전기 자체의 기계적소음보다 블레이드(날개)에서 발생하는 공기역학적소음의 영향이 클 것으로 추정되는데 기존 육상에서 측정한 소음 측정값보다 발전기 중간높이의 공중 100m정도의 위치에서 발생하는 소음측정 자료가 필요합니다. 특히 지점별 측정치가 아닌 전체(6기) 가동시의 종합측정치가 필요합니다. 소음피해가 없다면 왜 지금도 기설치된 발전기의 소음으로 전국적으로 수많은 갈등과 저항이 발생하겠습니까? 

  ② 저주파: 저주파 대역별 소음레벨을 합성한 총소음레벨과 환경목표기준(90db/(G))의 비교 검토가 반드시 필요합니다. 
특히 우리지역은 고전압 송전탑이 산능선에 연속상으로 세워져 있어 지금도 호박농사 등의 피해를 입고 있는데 고주파대역 전자파와 저주파대역의 풍력발전과의 영향이 밝혀져 있지 않습니다.

  ③ 진동: 산과 계곡으로 에워싸인 산지라서 발전시설부지나 연결도로 건설을 위한 발파소음 및 진동, 그외 건설장비 운용 등으로 인한 소음 등은 더 큰 피해를 줄 것입니다. 면사무소 및 학교등의 공공기관과 주민다수가 거주하는 밀접지역이 2km 이내에 있고 건설예정지 가까이엔 자연부락도 많이 있습니다.

  ④ 날개그림자: 주거지 주변지역에 설치될 경우 발전기 그림자로 인한 주거환경 훼손과 결빙으로 인한 안전상 문제가 심각하게 나타나고 있으며, 풍력발전기 날개그림자에 일정시간 계속해서 노출될 경우 스트레스로 인한 인체영향이 심각하게 나타나는 것으로 풍력선진국인 독일에서 연구되었습니다.

  그 외 가축폐사나 송전선 설비로 인한 피해나 경관훼손, 지가하락으로 인한 재산권피해 등등 갈등사안이 많이 있습니다. 

2. 교육터전과의 영향성
 발전시설이 들어서는 곳에서 불과 1.5km 인근에 경남고성음악고등학교와 하일초등학교가 위치해 있습니다. 현재의 농어촌 초등교육 현장은 저출산 시대를 넘어 학교소멸 위기에 놓여 있는 위기상황으로, 정부는 1면 1학교라는 명분으로 학교 존치만을 주장할 것이 아니라 학생ㆍ학부모 의견 수렴 과정과 공감대 형성을 통해 투명하고 미래지향적인 비젼을 제시하고 적극적으로 미래인재들의 학습 환경을 위해 더 나은 발전 방안을 찾아야 할 때입니다. 특히 고성음악학교는 기숙학교로서 하루종일 학교에 머물며 생활하는 곳으로 소음을 비롯한 주위환경에 가장 민감한 영향을 받는 교육현장입니다.  하지만 풍력발전사업이라는 것이 누가 보아도 학생들에게 미칠 영향이 여러 가지로 크고 중요함에도 사업계획 초기부터 3년간 어떤 이해나 협조요청이 없다가, 주민들과 교육청을 비롯한 교육관계자들의 진정으로 문제가 불거진 후에야 해당학교에 설명회를 개최한 것은 공동체에 대한 배려보다는 사업실현과 이익추구에 급급한 결과라고 봅니다. 농어촌학교의 교육 여건 개선 및 교육복지 증진이라는 최우선 과제에도 어긋나는 사업이라고 분명하게 말씀드릴 수 있습니다. 또한 문제제기 후 다시 수립된 계획안을 보더라도 지역학교와 교육지원청이 걱정한 여러 문제들에 대하여 사업자의 입맛에 맞는 통계자료만 나열해 소음이나 저주파 피해가 없으며 기준치를 만족한다고 일방적으로 변명하고 있습니다. 위치도 학교와 가장 가까운 곳의 발전기를 기존 예정지에서 200m정도 뒤로 옮기는 것이 대책이고 조망권만 하더라도 학생들이 공부하는 교실에서 보이지 않으니 문제될 게 없다는 황당한 대답을 내어 놓았습니다. 학생들이 하루종일 교실에서만 생활합니까? 어느 학부모가 자녀들을 풍력발전시설 밑의 학습환경에서 공부하기를 바라겠으며, 누구나 그런 시설이 있는 것보다 없는 여건을 원할 것입니다. 다른 문제도 아니고 미래의 동량인 우리 학생들을 보호하는 동시에 찾아오는 농어촌학교를 만들기 위해서도 반드시 이 풍력사업은 철회되어야 합니다.

3. 지역주민과의 갈등
 본래 사업계획안인 하일면 풍력사업설명회 때도, 군청관계자, 발전사업자, 군의원, 주민대표 등이 다같이 참여해서 의논한 결과 적극 반대한 저희 상리면쪽에는 발전기를 가시권역 밖으로 설치한다는 합의가 있었습니다. 하지만 이를 무시하고 당초 계획보다 높여서 사업서를 제출했고 그 내용이 본 마을에서 자체적으로 경비를 들여 드론촬영한 자료와 달라 갈등을 빚었습니다. 그런데도 이제는 아예 그 합의 사실조차 무시하고 1기도 계획에 없던 상리면 능선에 마을 전체가 확연히 내려다보이는 곳에 4기의 발전기를 세우겠다 하니 그 몰염치와 뻔뻔함은 무엇입니까? 같은 산줄기에서 이쪽 저쪽으로 발전기를 옮기는 이유와 내용을 분명히 설명해야 합니다. 조건이 안되면 철회해야지 조삼모사격으로 1km 차이도 나지 않는 곳으로 이동한다고 내용이 달라집니까? 온 주민이 나서서 반대하고 있는 마을쪽으로 기어이 변경 설치할 수 밖에 없는 보이지 않는 압력이 있는 것입니까?
  이 일을 겪고 있는 당사자로서는, 힘없는 주민들을 대기업의 힘과 재력으로 막무가내로 밀어붙인다는 느낌을 지울 수 없습니다. 주민들에게 이 사업은 생존과 생활의 문제이고 사업자인 그들에겐 이익의 문제일 뿐입니다. 어느 것이 소중합니까?

  현재 고성군은 삼천포화력발전소(실제 위치는 고성군 하이면)에서 나오는 미세먼지나 기타 환경오염물질로 인해 많은 피해를 입고 있습니다. 더구나 우리 마을은, 발전소에서 생산된 전기를 다른 지역으로 보내는 고압송전탑이 이미 설치되어 있고 그 산줄기에 풍력발전시설이 늘어서게 됩니다. 한전 송주법에 의해 보상을 받고 있는 피해지역입니다. 기존에 설치된 고압송전선으로 인해 농사를 비롯해 많은 어려움을 겪고 있는데 더해 풍력발전기까지 들어서서 저주파 더하기 고주파 피해를 고스란히 안겨서 고통받게 하는 이런 사례가 있습니까? 해도 해도 너무하네요.

 4. 기타 
  1) 발전사업자가 이제와서 주민들의 동의를 구하기 힘들게 되니, 이 사업을 진행하면서 그동안 투자한 금액이 수십억이 되어 물러설 수 없다고 공공연히 말하고 있습니다. 지역의 어느 누가 엎드려 빌면서 이 사업을 신청했습니까?
 그네들의 사업계획 실패를 주민들의 반대로 인한 잘못인 양 호도해서야 되겠습니까? 그리고 사업준비기간 투자비와 비용을 정확히 공개하십시오. 또한 보상을 거론하며 지역주민들이 더 많은 보상비를 요구하기 위해 사업을 반대하는 것처럼 매도하고 있습니다.
 그런 보상비를 줄 돈이 있다면 다른 적합한 곳의 입지선정 비용이나 연구개발비에 쓰이는 게 마땅합니다. 또한 사업초기에 지역주민들 몰래 별도의 용처를 알 수 없는 돈을 몇몇 사람에게 돌려서 주민간의 반목과 갈등을 조장한 사실도 증거를 가지고 있습니다. 필요하면 감사청구나 법적조사도 신청할 생각입니다.

  2) 정부산하기관인 낙동강유역환경청에서 실시한 소규모 환경영향 평가서 내용을 보더라도 자연생태환경을 크게 훼손하는 것으로 나타나 입지재검토하라는 의견을 수차례 공문으로 제시한 바가 있으며 토지이용, 지형지질 부분에서도 능선축보전과 산림훼손우려 및 재생에너지 활성화 측면에서조차 적정성을 재검토하라는 권고를 하고 있습니다.
 공신력을 가진 환경청 및 삼림청의 자료들을 비롯해 고성교육지원청 및 각 학교의 반대의견과 현지주민들과의 합의 내용을 묵살하면서까지 이 사업을 무리하게 추진하는 상식밖의 이유가 무엇인지 분명히 밝혀져야 합니다.
 연전에 무주풍력단지 예정지도 과도한 능선훼손과 주민들의 삼각한 반대로 인하여 사업이 철회된 것으로 압니다. 무엇보다도 미래자산인 교육터전과 직접 연결된 이 사업건은 마땅히 철회되어야 한다고 봅니다. 

 3) 발전기 설치 예정지 인근에는 문수암과 운흥사 등의 천년고찰이 위치해있고, 남향으로는 남해안에서도 가장 유려한 풍광과 깨끗한 청정바다를 자랑하는 자란만이 바로 아래에 펼쳐져 있습니다. 이러한 우수한 자연조건을 바탕으로 해양수산부는 해양치유산업을 선도하는 시범거점지역으로 고성(기업연계형)을 선정하고 병원, 바이오·웰니스 기업, 리조트 등 민간 투자를 유치해 해양치유 거점화를 추진한다고 발표했습니다. 민간 투자를 통해 해양치유산업을 확산하고, 중앙 정부는 시설·프로그램에 대한 컨설팅을 지원하는 내용으로 고성군 하일면 송천리 자란만 일원에 2020년 국비 10억원을 확보해 실시설계를 시행하고 2021년 착공하며, 2022년까지 총사업비 354억 원을 투자해 지하 1층, 지상 3층(연면적 5924㎡) 규모로 해양치유힐링센터가 건립된다고 합니다.인근 대규모 산단 기업 근로자를 대상으로 한 기업연계형으로 기업체 종사자의 스트레스 해소,·피로 회복으로 특화하고 해양치유 아카데미를 활용한 전문인력 교육 거점 마련, 지역 기업·대학과 연계한 워크숍 및 해양치유 아카데미 유치 등을 추진하는 국가시범사업입니다.고성군의 차세대 먹거리 사업인 자란만 해양치유힐링센터의 활성화를 위해서도, 치유와 힐링의 기본자원으로서 기능할 근린지역의 환경보전이 절실합니다. 풍력발전사업의 입지조건에서도 병원을 비롯한 정온시설과 이격거리를 요구하는 것에 비추어보더라도 해양치유힐링센터 유치의 목적과도 많이 어긋납니다. 국가지원으로 확정된 사업과 그 뜻이 상반되어야 합니까?

 4) 산업통상자원부는 2020.5.14.(목) 환경부, 산림청과 한국에너지기술연구원 등 관계기관 공동으로 1단계 「육상풍력 입지지도」를 개발했다고 발표했습니다.
 금번에 개발된 입지지도는 육상풍력 사업추진에 중요한 풍황, 환경·산림의 중요정보와 규제항목 59종을 하나의 지도에 구현했다고 발표했습니다. 
입지지도에는 환경영향평가나 산림청 협의 과정에서 주로 고려되는 생태자연도, 주요산줄기 현황 등 환경·산림 분야 중요정보와 규제항목을 선별하여 최신 기준의 데이터로 표준화, 지도화하였다고 합니다. 또한, 에너지기술연구원의 자체 특허기술을 활용하여 국내 최초로 전국단위 풍력이용률 정보를 생성·지도화하였고 이를 전력거래소의 실제 발전량으로 검증하여 신뢰성 높은 정보를 제공할 수 있게 되었다고 발표했습니다. 이러한 훌륭한 최신정보를, 이 발전사업과 관련해서 이미 조사된 낙동강유역환경청의 평가조사서 결과와 함께 주민들과 같이 공유하도록 투명하게 공개할 수는 없을까요?

 5. 제언
 저를 비롯한 지역주민은 단지 혐오시설을 기피하거나 반대를 위한 반대를 하는 것이 아닙니다. 위에 제기한 여러 문제점들을 살피고 살펴서 결론에 이른 내용입니다.

 우리나라 풍력산업 기술은 해외 설비 의존도가 높습니다. 세계 최대 풍력 발전기 제조업체인 덴마크의 베스타스(Vestas) 발전기가 국내 풍력발전기 설치량의 35%를 점유하고 있다고 합니다. 이곳에 설치하고자 하는 발전기도 당초 베스타스(Vestas)에서 미국의 제너럴 일레트릭(GE)으로 변경했습니다. 지금까지 설치된 대규모의 풍력 발전기는 거의 외국산 발전기였습니다.
 풍력발전은 '고비용ㆍ저효율' 에너지원이라는 꼬리표가 붙어있습니다. 바람이 불지 않으면 전력 생산이 어렵고, 바람이 많이 불면 순간 공급량이 많아져 과부하가 걸리는 문제가 일어납니다.
 특히 육상풍력발전은 한번 훼손된 자연환경의 원상회복을 기대하기 어렵고 복구기간 등을 고려할 때 계획단계부터 많은 문제를 신중히 검토해서 뒤늦게 후회하지 말아야 합니다. 
 탄소배출량을 줄이고 친환경에너지를 생산하자는 기본취지와 반대로 기존 녹지를 훼손하고 청정자연을 파괴한다면 이 사업은 토목건설업자나 발전사업자의 돈벌이 수단일 뿐입니다. 시행착오는 토목정부 한번이면 족하지 않습니까?
 급박할수록 관주도형의 정책이 효율적일 것 같습니다만 다양한 이해관계자들의 민주적 소통이 전제될 때에 비로소 정책적 목표가 당위성을 가질 수 있다고 봅니다. 이명박 정부의 4대강 사업 실패를 교훈삼아 조금 늦어도 다양한 이해관계자들의 목소리를 들을 수 있는 행정이 정말 필요합니다.
 신재생에너지사업의 활성화를 장려하는 정부의 에너지 대책에 편승하여 발전사업체에게 부과된 신재생에너지 의무할당비율을 충족하기 위해, 기존 임도가 설치되어있고 삼천포화력발전소가 가까워 송전에 유리한 점 등의 훌륭한 인프라를 이용하기 위해서 발전사업자가 무리한 풍력발전사업을 시도하는 건 아닌지 반드시 검증해야 합니다. 

 지난 수십년 동안 기후위기와 관련해 인류가 뼈아프게 확인한 한가지 진실은 탄소 배출 절감을 시장의 사익 추구자들에게 맡겨 둬서는 결코 실현될 수 없다는 것입니다. 어느 정부에서건 국민의 삶과 안전보다 앞서는 가치는 없습니다. 정부는 어떠한  경우에도 국민과 그 지역주민이 동의하지 않는 사업을 졸속으로 허가하거나 시행해서는 안됩니다. 그토록 필요하고 중요한 사업이라면 발전사업자 뿐만 아니라 유관 공공기관이 직접 나서 주민에게 설득하고 협조를 구하여 그 결과에 책임을 지는 공직자의 책임과 신뢰가 필요합니다.

 이명박정부 때 녹색성장사업이란 미명으로 4대강을 훼손한 전례를 이 정부에서 되풀이해선 안될 것입니다. 재생에너지 3020 목표의 차질없는 이행을 위해서도 에너지관리공단, 기상청, 임업연구원, 지역환경청 등이 확보한 여러 연구자료들을 취합하여 면밀한 분석을 통해 경제성과 환경성을 동시에 갖춘 육상풍력 발전사업이 어루어지도록 종합적 검토가 필요할 것이라고 생각합니다.
 아직 우리 국토에는 풍력입지조건에 부합하는 예상부지가 많을 것으로 봅니다. 위에 열거한 여러 이유 등으로 풍력발전 선진국에서는 육상발전보다 해상풍력으로 전환하는 동시에 블레이드 없는 풍력기술 등을 발전시키고 있는 것으로 압니다. 이런 기회에 우리도 발전기기를 비롯한 자재 및 기술자립도를 높이고 신개념의 풍력발전에 대한 전면적 인식전환이 필요하지 않을까요? 

 청와대는 국정의 최후 컨트롤타워입니다. 정부부처간 혹은 유관기관 간에 이견과 갈등을 조화롭게 조정하고 조율해 나갈 책임과 의무가 있다고 생각합니다. 청원에 동의하는 숫자가 적어 응답 기준에 못 미치더라도 경남 고성 풍력발전사업의 현 상황과 문제점을 검토해 보는 계기가 되었으면 합니다. 
 우리 고성군의 수장인 백두현 군수도 청와대의 행정경험과 넓은 식견을 십분 활용하여 나날이 발전하는 군정을 잘 이끌어 가고 있으나, 이번 풍력사업건만 해도 지역의 토착 기득권 세력의 이해관계나 군의 세수증대를 비롯한 경제적인 문제, 환경보전과 생태계 안정, 그리고 주민의 권익보호 등의 갈등으로 많이 힘들어합니다. 하지만 이를 해소하고자 많은 부담감과 고민속에서도 공정하고 당당하게 최선의 노력을 다하고 있어 항상 자랑스럽습니다.
 부디 정부차원의 깊고 넓은 관심과 협조를 부탁합니다. 

주제넘은 이야기로 청원사항이 길어졌지만 꼭 좋은 결과 있도록 정책적 검증을 부탁합니다. 감사합니다.									"
영세사업자이며 여행사를 운영합니다. 부부가 함께 일 하는경우 1명이라도 고용유지지원금 받게 해주세요,2020-07-13,2020-08-12,197,http://www1.president.go.kr/petitions/590616,"
										2020년을 살아가는 전세계 인류가 지금 참 힘든 시기를 겪고 있습니다. 

지금 이 험난한 시대를 살아가고 있는 동시대 여러분들과 깊은 바다 험한 파도위에서 한배를 탄 기분마저 듭니다. 이 험난한 파도를 함께 이겨내고 나면 더 나은 미래가 있으리라 확신을 하면서 글 올립니다. 

결론부터 말씀드립니다. 5인 미만 영세사업장의 경우, 대표자의 배우자를 포함한 가족도 (코로나로인해 한시적으로라도) 정식 근로자로(고용보험 가입대상으로) 인정하여 주시기 바랍니다. 지금 소규모 식당이나 여행사, 편의점, 학원 등 영세사업장이 많이 힘든 상황입니다. 정부에서는 최저시급의 기준을 올려놓아 고정비용은 계속 늘어나는 상황에, 가족중에 한사람이라도 직원으로 등재되어 회사를 위해 일하고 최저시급이라도 받을수 있는 길을 택한 사람들이 계실것이라 생각됩니다. 저 또한 코로나 이전으로 돌아가보면, 소규모 여행사에서 일반 직장인들과 마찬가지로 9시 출근, 6시 퇴근에 다른 직원들과 똑같이 일하였으나 (다르다면 좀더 많이 외부 영업하고, 잔심부름하고, 출장가야하고), 금번 코로나사태로 인하여 고용유지지원금을 요청하면서 알게된 사실은 대표자의 배우자는 고용보험에 가입이 되지 않는것입니다. 

올 3월경 코로나로 인한 고용유지지원금을 신청하기 위하여 알아보던 중, 대표자의 배우자라는 이유로 고용보험이 취소된다는 통보를 받았고, 근로복지공단(고용부) 규정에 따라 이미 7년간 납입하였던 고용보험 납입금은 돌려받을수 없고, 2년분만 돌려 받을수 있다고 합니다.　그에따라 정부에서 주는 고용유지지원금 대상도 될 수 없고 실업급여도 받을 수 없게 된 처지입니다. 

편의점, 식당, 여행사 중 5인미만 영세사업자의 경우 가족이나 친척이 종업원으로 일하는 경우가 많은 만큼 근로자로서 배우자 등 가족이더라도 정식으로 고용보험에 가입되고, 고용유지 지원금을 받을 수 있도록 하는 방안을 검토하여 주시기 바랍니다. 이런 영세업체일수록 가족 1인 근로자로서 절실하게 고용유지가 필요한 상황입니다. (고용보험에 가입한 경우에 한해서라도 말입니다/ 3차추경 내역이나 고용노동부 등 다양한 방법으로 가능성을 열어주셨으면 합니다)

지금 대한민국에서 가장 힘든 사람이 누구일까요?　정말 많은 국민들이 어려워하며 버티고 있습니다만 저의 가족 또한 2020년 1월부터 시작하여 7월 오늘까지 7개월째 여행사의 수입은 0원인 상태에서 사무실 월세등의 고정비용을 지출하느라 대출로 버텨왔고, 더 이상 버틸 여력이 없어 그동안 우리의 소중한 일터였던 사무실을 눈물을 머금은채 정리하였습니다. 정부의 지원이 고용보험 가입대상에 한하여 지원하였기에, 저의 가족은 부부가 모두 고용지원금의 사각지대에 놓여있는 상황입니다. 

정부에서, 먼저 전국민 고용보험의 시대를 열어가겠다고 하셨습니다. 모든 법절차에는 여러 실무적인 평가와 제도가 선행되어야 하겠지요. 전국민 고용보험의 시대를 열기위한 초석으로 2020년 코로나로 실의에 빠진 수많은 업종중 대표적인 업종인 여행사 등 영세사업장에 그 고용보험의 기회를 먼저 열어주시면 어떨까요? 

코로나가 재확산되며 언제 끝날지도 모르는 상황에서 이 일을 더 할수 있을지 없을지도 알수없을 뿐만 아니라 모든 업종이 어려운 상황에 쉽게 다른 일자리를 찾는것도 시간이 걸릴것으로 생각이 됩니다. 저희는 현재까지 7개월동안 아무런 지원도 받지 못한채 대출로 하루하루 버텨오고 있는 상황입니다. 

지금 제가 느끼는 감정은 마치 2014년 세월호때 아이들이 차가운 바다속으로 깊이깊이 빠져들어가고 있을 때 아무도 그들에게 손을 내밀지 못한 그 때의 상황과 흡사 비슷하다는 생각이 들 정도입니다. (감히 세월호 가족들에 비유하게된 것에 대하여 세월호로 인해 피해입으신 가족분들께는 참으로 송구합니다만) 지금 정부에서 그 어떤 구원의 손길도 내밀어주지 않는다는 느낌을 받고 있습니다. 아주 심각할정도로 현재 경제적으로 어려운 사람들이 지금 우리곁에 참으로 많습니다. 제발 그 사각지대를 들여다봐주십시오. 

자기돈 몇억을 내어 편의점을 내놓고도, 아르바이트비와 월세로 다 나가고 본인은 한달내내 주 60시간 일하고 90만원 가져가는게 현실입니다. 정부의 모든 정책이 일자리에 맞추어져 있다보니, “일하는사람“은 살맛나지만 자영업자들은 다 죽어납니다. 
회사입장에서 보았을 때, 입사한지 6개월밖에 안된 직원은 고용유지지원금이 나오고 몇년년째 (또는 수십년째) 회사를 위해 일한 대표자와 가족은 고용유지지원금 대상에 포함되지 않습니다. 

영세사업장, 여행사, 그중에서도 부부가 함께 일했던 여행사는 정말 많이 어렵습니다. 더 버틸힘이 없습니다. 

존경하는 문재인 대통령님께서 7월 2일 열린 민관 협력 할인판매 행사에서 “지금은 소비가 애국” 이라고 하셨는데 그 기사를 보고 깜짝 놀랐습니다. 지금 저와 저의가족은 소비를 할 돈이 없어서 사무실 집기며, 집안에 있는 온갖 가재도구를 팔며 버티고 있습니다. 저뿐 아니라 참 많은 사람들이 본인의 가재도구를 팔며 버티고 있었고, 다른사람이 쓰던 물건을 사서 쓰며 버티고 있는 상황입니다.

당장 아이들 학비며, 식비며, 옷값이며 버텨야 하는데 교육부의 지원금은 모두 작년기준으로 되어있어 지금당장 지원이나 혜택을 받을수 있는 곳이 하나도 없었습니다. 참으로 암담하고 답답하여 글올립니다. 

존경하는 대통령님께서 “가치삽시다” 라고 말씀하셨는데 저희도 좀 “가치 살고 싶습니다” 
깊은 실의에 빠져있는 국민들에게 따뜻한 손길 부탁드립니다. 

이 어려움을 이겨내는 데 조금이라도 보탬이 될 수 있도록, 고용보험의 사각지대에 있는 5인미만 영세사업자의 대표자와 그 가족들에게 고용보험 가입기회를 당장 열어주셔서 고용유지지원금이나 실업급여 혜택을 받을수 있도록 해주시기 바랍니다. 정부와 국민 여러분들의 깊은관심 부탁드립니다. 감사합니다.									"
서민의 피를 말리는 부실채권채무를 인수하여 추심을 전문으로 하는 회사의 허가 및 인가를 취소해주십시요,2020-07-09,2020-08-08,309,http://www1.president.go.kr/petitions/590517,"
										청원의 요지

  전 국민이 코로나19 여파로 어려운 경제 상황 속에 생활고로 허덕이는 가운데  IMF 때 보다 더한 어려움이 예상되는 이때,  또 다른 이면에 수십년간 어려움을 격으며 하루 하루를 겨우 살아가는 서민의 피를 말리는 악덕 채권추심회사가 정부의 정책 과 방침은 우습게 생각하고 오직 기업영리만을 생각하고 싼 가격에 채권채무를 매입하여, 삶에 허덕이고 지친 사람들에게 폭행과 폭언만이 없을 뿐이지 법을 이용한 채권추심을 하기위해 조직폭력배 나 다름없는 짓을 하고 있습니다.
채권추심회사가 부실채권 매입가격 원금과 이자로 본다면 수천%의 금액을 요구하는 것으로서 이는 법을 이용한 고리대금업자 보다 더 높은 수익을 창출하기 위해 합법적 사업을 빙자하여 세금도 내지 않으며, 경제적으로 부도가 나거나 어려워 갚지 못하는 채권채무를 인수하여 돈을 받기위해 갈길 없는 서민을 소송과 채권채무 기간 연장을 하여 압류 와 경매 등을 통해 한곳에 주민등록지로 정하지도 못하고 떠돌아다니게 만들고 경제적 활동을 차단하고 마지막에는 극단적 선택을 할 수밖에 없도록 몰아가는 조직입니다.
국민청원을 하는 저 역시 더 이상 희망이 없는 세상을 접고 싶은 생각에 마지막으로 이 나라에 나와 같은 고통을 격고 있는 사람이 많은데 이런 악덕채권추심회사 가 행하는 짓이 진정한 경제활동이라고 정부가 사업자등록 과 인가를 해주어야 하는가 국민청원 합니다.
악덕채권 추심회사 의 사업인가 취소를 국민청원 합니다. 

 IMF 여파로 사업이 부도가 나고 살던 집 마저 시세보다 터무니 없는 가격에 경매를 당한 시기가 약 20년 전 2000년도입니다. 
사업이 부도가 나고 채권자들은 하루가 멀다 하고 가제도구, 통장 등을 압류를 하여 마땅한 살림살이 하나 남아나지 않고, 결국 생활고로 처 자식만이라도 먹고 살게 하기 위해 국내에서의 재기는 꿈도 꾸지 못하고 해외로 나가 이 나라 저 나라 떠돌아 다니며 생활하다, 그 과정에 기약 없이 하루같이 채권자들로부터 오는 우편물 과 월세방에 압류를 하러오는 법원 집달관들 때문에 불안해서 살수가 없으니 이혼하자고 하여 이혼을 하고 자식하나 데리고 어떻게든 살아보려고 하였습니다.

신용불량자로 올바른 직장 과 사업은 생각지도 못하고 먹고살기 위해 조그마한 일이라도 하다가 일당 수십만원 받기 위해 개설한 통장에 몇십만원만 모여 있으면 어떻게 알았는지 통장을 압류 하여 월세가 체납되어 쫒겨 나기를 여러번 그러기를 약 20년입니다.  

세월이 지나다 보니 정부가 발표한 IMF 때 어려워진 사람들을 구제하기 위해 부실채권을 매입하여 소각한다는 기사를 보고 다시 정상적으로 통장이라도 만들 수 있는 시간이 오려나 하고 기달리다, 부실채권이 소각 되엇다는 소식을 접하고 다시 통장을 개설하고 나니 난데없이 또다시 통장에 가압류가 붙어 생활비 마저 찾아 쓸수 없게 되엇습니다.

압류를 한 회사는 2012 부실채권을 싼값에 자산관리공사로부터 인수하여 대부업을 운영하며 2016년 다시 법적소송을 제기 하여 승소판결을 받아 추심을 전문으로 하는 회사 **********(주)라는 회사 였습니다.
하루하루 먹고살기 바쁜 사람에게 소송을 제기하여 경제적 형편상 출두하지 도 못하였고 답변을 하지도 못하였습니다.
법원에 출두를 한들 빛을 진 사람이 무슨 할 말이 있겠습니까
이를 원인으로 해서 채권을 얼마에 매입하였는지 알수는 없지만, 주택담보대출금 경매 후 잔액 약4,500만원이 이자가 불어서 1억 7천 만원이 넘는다며 채무변제를 독촉하며 이자는 탕감하여 줄수 있으니 원금에서 합의를 하자고 하는데 정부가 금융기관의 부실 채권을 소각키 위해 소각하는 과정에 이런 채권추심회사에 있는 채권은 이미 매각이 되었더라도 매각 금액에서라도 협의라도 할 수 있는 길을 열어주던지 형평성의 원칙에도 맞지 않는 정책은 수정할 수가 없는지 하여 금융 감독원에 신고를 하였으나 정상적인 채권이라는 답변만 받게 되었는데 그 근거가 채권추심회사가 소송에 승소한 채권이라는 답변을 가지고 못 도와줘서 미안하다는 말이 다인데

이 회사는 어떻게 알앗는지 통장만 개설하면 압류를 하는지 도무지 알수 가 없습니다.
정부도 금융기관도 아닌 개인기업이 보험회사에 보험만 들어도 압류, 조합금융에 통장을 개설하여도 압류 이렇게 철저히 압류를 하여 살수가 없도록 괴롭혀 돈을 받으려고 하는 악덕 채권 추심 대부업자에게 각종 개인 금융정보를 제공하는 기관은 누구이며, 정부는 이런 회사를 정상적으로 인허가 해주는 것은 누구를 위한 법이며 누구를 위한 것인지 궁금합니다. 
금융기관에서 공기업에 부실채권 매각하고 또 다시 대부업자에게 매각 하는 이유는 무엇인가요. 공기업이 부실채권을 매각한다면 그 조건에 채무자에게 먼저 의사라도 물어 보는 것이 적절하지 않나 하는 생각입니다.
채권 추심회사가 채권을 추심하는 과정에 불법 행위가 없었는지 어떻게 개인의 금융거래상황을 상세히 들여다 볼수 있었는지에 대해 조사 하여야 할것입니다.

다른 사람들도 그러하겠지만 IMF 이전에 열심히 일만하였습니다.
남에게 받을돈은 한푼도 받지 못했습니다. 법적 조치할 비용마저도 없고 채권자들 피해 다니던 상황에 갚아야 할 채무에 대한 금융기관들의 채무 독촉만 빗발 쳣습니다. 
금융기관도 대출해주고 이자 받아서 수익을 얻었는데 무슨 철천지 원수가 져서 매각금액으로 채무자에게 매각하면 좋으련만 이런 남의 어려움을 이용해 돈을 벌려는 회사에 어떤 이익을 보장받기에 매각을 하는지 
대통령께서 발표한 내용과 정부정책에 절대적으로 반하는 행위를 하는 금융기관, 자산관리공사 는 어느 나라 의 기업입니까. 
세월이 지나 채무소멸기간이 넘어 탕감 받은 채무도 있습니다.
하지만 상기 회사는 해도 해도 너무 합니다.
농협단위조합 통장압류, 우체국통장압류, 신한은행통장압류, 국민은행통장압류,
동부 생명보험 압류, 재난지원금 입금이 된 통장마저 압류하여 기왕 쓰지 못할거 근로복지공단에 기부하였습니다.
어째서 악덕 대부업자가 금융기관 거래상황을 합법적으로 들여다 볼수 있는지 대한민국이 언제부터 악덕 채권채무를 추심하는 대부업자의 채권수금에 까지 협조를 해주고 있는지 이것이 진정한 정상적인 경제활동인지를 묻고 싶습니다. 

부도로 인해 피눈물 나는 어려운 생활은 견디고 살아가지만 신용불량이라 마땅한 취직자리 하나 못 구해 월급을 받지도 못하니 개인회생도 불가능한 사람에게 금융 감독원 직원은 법원에 개인회생 자문 받아 보라는 말이나 하는 담당자에게 하고 싶은 말은 철밥통 으로 그 자리에 있으니 민원인 들의 이야기가 남의나라 이야기처럼 들리시는지 
정상적으로 취직해서 4대 보험 들고 개인회생 신청 할 수 있으면 벌써 햇지 오죽 답답하면 합법을 빙자한 악덕 채권추심 회사를 금융감독원에 신고를 하겠습니까
20년 세월 시달리며 신용불량에서 겨우 벗어낫나 싶었는데 악덕 대부업자의 채권추심으로 은행 거래마저 막혀 막막하게 사느니 이 나라를 떠나든지 아니면 극단적 선택만이 이 고통에서 벗어 날 수밖에 없는가 하다가
마지막으로 나만 아닌 다른 수많은 사람들도 이렇게 고통 받고 있을 것을 생각하며, 이런 악덕 채권 추심회사 의 사업허가 및 인가를 취소하고 
살기 좋은 나라를 만들기 위해 남의 아픔을 이용해서 적법을 빙자한 악덕 채권추심회사 들을 양성하는 일은 없어져야 할 것 입니다.
대통령께서는 어려움을 격고있는 신용불량자와 IMF때 어려워진 국민들에게 정상적 경제활동으로 재기하라는 취지의  지원을 위해 부실채권 소각 등 서민경제에 도움을 주어 새로운 기회를 준다고 하는데,  서민의 피를 말리는 악덕 채권추심회사를 양성하는 기관은 과연 대한민국 의 어느 정부 기관입니까.
세상을 살면서 빛지고 싶어 지는 사람 있겠습니까.
IMF 이전까지 세금 잘 내고 열심히 일만했습니다.
은행에 대출해서 사용하고 남은 돈 예금해놓고 자고나니 은행이 문 닫고 예금은 만기일도 안 된 대출금변제로 강제회수해가고 사용한 대출금 안갚는다고 외국회사에 부실채권으로 매각해서 공장, 기술 다 뺏기고 회사 문 닫아서, 먹고살기 위해 시작한 조금마한 사업마저 경기악화로 인해 살고 있는 주택마저 담보하여 직원들 월급 주며 버티다 결국 도산하여, 살던집 경매당하여 주택담보대출 부족분 잔금이 채권채무 추심회사로 넘어가 이자에 이자 가 늘어 눈덩이처럼 늘어나 경매 전 대출 원금을 넘어 선 금액을 갚으라고 독촉하고 10년에 한번씩 채무연장 소송을 제기하니
죽는날 까지 평생 신용불량으로 살 수밖에 없도록 하는 제도를 대통령님과 정부는 알고 계시는지요.
먼저 나 자신의 부족함이 많습니다.
한사람의 국민과 한가정이 행복한 것이 시작이고 끝인 우리 사회에
열심히 재기해서 다시 살아보려고 애쓰는 사람 잡는 악덕채권채무추심회사는 없어져야 한다고 국민청원 합니다.
이글을 올리는 이 순간 에도 가슴 조마조마하고 살길이 막막하기 그지없으나 
더 열심히 살아야 겟다는 생각은 하기가 어려운 것이 현실입니다. 
악덕채권채무추심회사 의 허가와 인가를 취소해주십시오.

 [본 게시물의 일부 내용이 국민 청원 요건에 위배되어 관리자에 의해 수정되었습니다]									"
"공익제보 돌아온 건 무단해고 !   가짜환자 입원, 허위 진단서 발행, 면허 없는 직원에게 방사선(X-레이)촬영 강요,  향정(마약류)불법 취득 병원의사 처벌 해주세요.",2020-07-07,2020-08-06,433,http://www1.president.go.kr/petitions/590458,"
										□ 안녕하세요.
저는 광주광역시(광주)에 거주하는 조**(010-****-****)입니다.

저는 2001년 6월 1일부터 2016년 6월 30까지 광주 **동 소재 “*** 재활의학과의원”에 행정부장으로 재직 하였습니다.

□ 제가 근무 하였던 “*** 재활의학과의원” 장 모 원장은 2005년 10월 12일 보험사기로 1개월 의사면허 자격정지 행정처분을 받은 이후에도

가짜환자 입원, 허위 차트작성, 허위 진단서 발행, 환자 모르게 침과 주사기를 재 사용 하고 의료면허가 없는 직원에게 방사선(X-레이)촬영 강요 하였으며, 허위 처방전 발행으로 향정(마약류)불법 취득을 일 삼았고 행정부장인 제게 병원 입사초기 부터 “방사선촬영기사” 업무를 강요 당하여 하루평균 30회 이상 방사선 촬영을 하였습니다.

□ 특히 제가 행정부장으로 근무할 당시 “*** 재활의학과의원”이 최소의 비용으로 최대의 영업이익을 누리는 병원으로 알려져 전국의 재활의학과 개업을 준비하는 의사들이 벤치마킹을 하려고 병원을 방문하여 시설확인, 행정부장인 제게 운영 노하우를 물어보는 사례가 빈번 하였습니다.

□ 저는 장 모 원장의 1개월 의사면허 자격정지 행정처분(2005년 10월 12일)이후 장 모 원장에게 주사(침)재사용 금지,직원의 근로계약서 작성,가짜입원환자 입원금지, 허위진단서발행 금지 등에 대하여 꾸준히 시정을 건의 하였고

특히 원장의 강요에 의해 제가 하고있던 방사선 촬영기사를 의료면허가 있는 직원을 채용해 줄 것을 요구 하였으나 

장 모 원장은 저의 급여를 깍아서 정식 방사선촬영기사를 채용 하겠다고 세 번에 거쳐 저의 급여를 삭감 하고도 정식 방사선 기사를 채용하지 않고 저에게 무면허 방사선촬영기사 역할을 강요 하였습니다.

□ 급기야 이에 장 모 원장의 불법적 병원운영 자료를 근거로 

의료보험공단,국가권익위원회 보건소 등에 병원의 불법운영에 대한 공익제보를 하게 되었으나 관할 보건소 또는 관할 경찰서에 민원을 접수 하라는 답변 이었으며

현재는 여러 가지 불법 사실 중 단 한가지 “무면허 방사선촬영 교사와 무면허 방사선촬영”에 대한 부분만 수사중에 있습니다.

□ 이러한 저의 공익활동이 누설되어 근무중 건장한 사내에게 이끌려 개인 소지품도 챙기지 못하고 “너 병원 나가라”며 강제로 병원에서 쫐겨 났으며, 

□ 16년 동안 닥트(환풍기)시설이 없이 밀폐된 방사선촬영 현상실 근무와 차폐옷, 위험물취급 장갑 착용을 하지 못하고 병원 원장의 강요에 의한 방사선 촬영 으로 인해

위암 판명을 받았고 수정체 혼탁, 급성 아토피, 조갑 박리증, 사타구니 백선무좀, 치골 골절 감소 등  보호장구 없이 오랫동안 방사선 피폭으로 의심되는 질병을 앓고 있으며

□ 공익제보 사실이 알려져 저는 지금 온갖 질병과 무단 해고에 시달리고 있으며, 제가 근무 하였던 병원은 지금도 버젓이 병원운영을 하고 있습니다.

저는 보건복지부에서 “내부자고발 트라우마로 인한 자살 예방프로그램 참여”를 권고 받았고 상담에 응하고 있으나 하루에도 수차례 자살 충동을 느끼고 있어

□ 대통령께서 말씀하신 모두가 공정하고 공평한 세상을 위해 온갖 편법과 불법 그리고 마약류로 분류되는 “향정”의약품 불법취득을 바로잡아 사회정의를 실현 시켜 주실 것 을 간절히 청원 합니다.

 [본 게시물의 일부 내용이 국민 청원 요건에 위배되어 관리자에 의해 수정되었습니다]									"
치료 받기를 원해요,2020-07-01,2020-07-31,251,http://www1.president.go.kr/petitions/590274,"
										최민준 본인은 지난해9월9일 서울광운대역 노후시설 개량사업 일환으로 지하철 프레트홈 내 노후전기시설 철거작업도중 협력업체 사장님의 지시 속에서 작업중 이동 하던중에 지하철 탑승구 스크린도어 상부위의 조명시설과 전기케이블선 철거 작업을 마치고 뛰어내리는 도중 양쪽다리 뒤꿈치 종골 골절로 산업재해로 부천 순천향병원에서 입원후2주후 수술시행 받았고 그후협력병원에서 2주마다 다친부위의 소독및 경과를  보며 기다리고 있었습니다 그런데 계속적인 통증과 다리에 마비를 호소하여지만 계속적으로 기다려라 말밖에 없어 아는 지인에게 부탁드려서 대구영남대학병원에 본인의 CT촬영사진을 지인에게 보내서 확인한 결과 수술을 빨리 시행하여야 한다며 대구로 내려오라고 하여 급히내려가 대구박병원에서 수술을 시행하여 주겠다고 약속했지만 그후 2주후본인에게 의사말인즉슨 본인은 수술할 실력이없어 큰병원에 가셔서 수술하세요 말함 이런병원이 부산에 세일병원 입니다 그후 근로복지공단 초량지역본부 에서 왼쪽종골에 대한심사를 통하여 다시 대구영남대학병원 박철현 의사님에게 부탁하여 그곳영남대병원에 수술날을 통보받아 전원신청하여 그곳에서수술을 하기위한 진료를 받던중 수술을 할수없다 이유인즉 시기가 늦어 할수없다 통증을 생각하여 발목 고정 수술을 해야한다며 저에게 권하여 본인은 그수술만큼은 하지않겠다  포기하고 밖으로 나와있는데 다른환자분의 소개로 근로복지공단 대구병원을 소개하여 그곳에서 입원하여 재활 치료를 받고있는 도중 대구코로나발병 때문에 근로복지공단 대전병원에 전원하고 이곳에서 담당의사님 께서 추천하여 병원에서 시행하는 검사를  시행하는 결과 종골골절과 요천수신경총의 손상 한국분류번호S9200. S344. 검사결과를 해당 근로복지공단 대전 병원 이곳에서 하지마비 및 신경손상으로 판명받았으며 그후 추가적인 치료를 위한 추가상병을 신청하였지만 근로복지공단 에서는  본인의 지병으로 처리하여 불승인 처분을 받고 너무나도 화가 많이나는 이유는 마비증상을 가지고 어떻게 주간 야간 작업을 할수있겠습니까 지금 저가 원하는것 수술과 치료입니다 제발 자멸에 빠져 있지않게 도와주세요  국민청원에 동참하여 주세요 부탁드립니다									"
노동안전보건청(산업안전보건청) 필요 합니다.,2020-05-12,2020-06-11,739,http://www1.president.go.kr/petitions/588803,"
										5월10일 취임 3주년 문재인 대통령 연설을 보았습니다. 

대통령 연설중에 여러 말씀을 하셨지만 전국민 고용보험 적용 기초 및 질병관리본부를 질병관리청  ""승격"" 하신다는 연설을 들었습니다 .  

감염병예방, 독립성, 전문성 강화하기 위해 질병관리본부에서 “청”으로 승격 한다고 발표 했습니다.  100점이 아니라 200점을 드리고 싶습니다. 

5월11일부터 문재인 정부 4년차가 됩니다.

하지만 문재인 대통령이 국정과제로 제시한 2022년까지 사망사고 50% 사망사고 감소는 아직도 멀기만 합니다. 

문재인 대통령님...

고용노동부는 2022년까지 사고사망자 5.8명(10만명당)에서 50% 감축한 2.8명을 목표로 산업안전보건법 개정(중대재해기업처벌법 등) 정책을 추진 중이지만 매우 더디게 추진되고 있어, 오늘도 산업현장에서 많은 노동자들이 죽고, 다치고 있는것이 현실 입니다. 

현재 고용노동부(지도감독), 안전보건공단(예방), 근로복지공단(보상) 조직은 있지만, 노동자 안전과 건강권  예방을 위한 조직 체계는 매우 부족합니다. 

더이상 노동자의 죽음은 멈춰어야 합니다.  최소한 일터에서 죽음의 행렬은 멈춰어야 합니다. 

이를 위해서 질병관리본부에서 청으로  승격처럼  노동자의 안전과 건강을 위해 전문성, 행정, 독립성 및  노동자의 참여 보장 을 보장하도록 “노동안전보건청” 신설(승격) 주십시오. 

문재인 대통령이 국정과제로 제시한 2022년 50% 산재사망 감소, 산업재해를 줄이기 위해 반드시 필요 합니다.									"
**엔터테인먼트 또다시 반복되는 뻔뻔함에 국민들의 간곡한 청원을 부탁드립니다.,2020-05-08,2020-06-07,322,http://www1.president.go.kr/petitions/588691,"
										살아오면서 청원이라는것을 처음 해보는것에 대한 느낌은 뭐라 설명하기가 힘드네요.
예전의 잘못을 아직도 뉘우치지 못하고 임금체불및 강제 퇴사조치를 시키고 있는 **엔터엔먼트의 악의적인 행동을 규탄합니다. 
예전에 일했던 근로자와의 마찰로 청와대 청원까지 등장한지 얼마 되지도 않았음에도 불구하고  2019년한해 동안
수없이 많은 임금체불로 근로자들의 생활을 궁핍하게 만들고 거기에 대한 일만의 사과또한 미안함 마음을 갖지 못하는 **엔터테인먼트의 뻔뻔함을 정말 두고 볼 수가 없습니다.
게임업계 특성상 게임의 오픈이라는 기대를 안고 많은 개발자가 업무에 임하기에 좀더 노력하자 좀더 힘을내자  하면서 모두들 버텨왔지만 잦아지는 임금 체불과 동시에 저희 근무자들은 또 다른 대출을 받아서 생활하기 시작하였고 지금은 퇴직했음에도 불구하고 밀렸던 임금과 퇴직금또한 일체 받지 못하고 있습니다. 
적게는 일천만원에서 많게는 몇천만원까지 받지 못하고 있는 상태이며 노동부의 진정을 통해 대표에게  시간을 주었지만 해당 기간은 당연한듯이 지켜지지 않았고 지금은 아예 모르는척 무시하고 있습니다.
게임 오픈후 매출이 생겼지만 퇴직자에겐 단한푼 체불된 금액은 갚지 않았고 오히려 게임 오픈후에 10명이 넘은 사람들을 무더기로 퇴사조치 시켰습니다.   중소기업에서 지원받는 금액때문에 권고사직은 절대로 없다고 못박고 아무도 나가서 실업급여를 못받게 하더니 이게 웬말인지 게임 오픈하니 무더기 해고처리를 하네요
회사 대표가 예전에 같은 사건으로 현재 집행유예기간임에도 불구하고 너무나도 뻔뻔한 행동에 
혀를 내두를 뿐입니다.
나라에서 시행하는 청년 내일채움공제또한 회사의 미납금이 없어야 해지가 된다고 하는데 미납금또한 각 사람당 일백만원씩 밖에 되지 않는 금액을 내지 말라고 지시해서 힘들게 회사 다니며 목돈을 모아보려고 했던 돈까지 한푼도
돌려받지 못하는 퇴사자들도 있습니다.  
회사에서 당연히 납부해야할 4대보험은 이미 작년 9월부터 현재까지 계속 미납중이고 힘들어서 대출이라도 찾아서 받아볼려고 모바일을 돌려도 의료보험이 납부가 되지 않아 은행에서 매번 거절 직원들은 근로복지공단에서 해주는 생계비 대출로 매달을 버티며 살았습니다.
현재 재직자 안에서도 미리 퇴사 한다고 언급한 사람에게는 해당 급여 날짜에 급여또한 주지 않는 방식으로 진행하고 있으니 악의적으로 행동할 수 있는 부분들은 어떻게든 하면서 나라에서 지원받을수 있는건 아무렇지 않게 챙겨가고 있으니 너무나도 화가나고 열심히 게임 하나 오픈하자고 버텨왔던 시간들이 허무하게 느껴 집니다.
아이티업계에 병폐처럼 여겨진 야근문화와 임금체불문화 그리고 특히나 중소기업 및 대기업 회사들의 일부이지만 대표 및 임원질들의 썩어빠진 생각들이 개발자들을 여러번 울리지 않나 생각합니다. 노동의 댓가는 정말 값지고 중요한 것인데 아무렇지 않게 팽개쳐 버리는 이런 마인드가 언제가 한번은 크게 깨져야 한다고 생각합니다. 
비록 제 청원이 소수에게 들릴지라도 이렇게라도  조금씩 사람들에거 퍼져 나간다면 꼭 한번 이 문제에 심각성을 일깨울수 있는 날이 올 것이라 소망합니다. 
앞으로 이 회사가 어떤 행동을 취할지 정말 심히 걱정되고 남은 재직자들의 임금과 퇴직자들의 미납된 채무액들을 하루라로 빨리 정리하게 되길 기도합니다. 
그리고 조금의 반성이라도 하면서 살아가기를 간절히 바랍니다.

 [본 게시물의 일부 내용이 국민 청원 요건에 위배되어 관리자에 의해 수정되었습니다]									"
국민 고용보험 도입을 청원합니다!,2020-04-13,2020-05-13,769,http://www1.president.go.kr/petitions/588036,"
										국민 고용보험 도입을 청원합니다!


1. 고용보험을 아십니까?

 고용보험에 가입된 노동자는 아이를 낳으면 출산휴가급여 600만원을 받고, 육아휴직을 하면 임금의 80%를 받습니다. 직장을 잃으면 최대 8개월 실업급여를 받구요. 돈이 필요할 때는 이율 1.5%로 근로복지공단 소액 대출을 받을 수 있습니다. 처우개선이 필요하면 노동조합을 만들어 사장을 협상장에 불러낼 수 있고, 상사가 성희롱을 하면 직장 내 성희롱으로 처벌시킬 수 있습니다.


2. 국민고용보험은 코로나19와 같은 위기 상황에 빛을 발할 것입니다.

 세계적 재난에도 한국은 국민건강보험이라는 안전망이 있기에 의료비 걱정을 하지 않습니다. 하지만 일자리 걱정은 큽니다. 가게가 파산할까 걱정이고 생계유지가 걱정입니다. 배달노동자, 강사, 보험설계사, 예술인, 자영업자 일하는 사람이면 누구나 가입할 수 있는 고용보험이 있다는 상상을 해봅니다. 직장을 잃어도 든든한 버팀목이 될 거에요. 일회성 재난생계비를 넘어서 수개월동안 실업급여를 받을 수 있을 테니까요.


3. 물론 보완이 필요합니다.

 먼저, 새로운 전국민 고용보험 제도를 도입할 때는 취약계층에 대한 사각지대를 없애야 합니다. 현재 고용보험 제도는 정규직, 무기계약직 노동자들에게만 온전한 혜택을 줍니다. 단시간, 기간제 노동자에게는 제약이 너무 많아요.
 그리고 고소득자에게는 더 많은 보험료를 내게 해야 합니다. 소득수준에 따라 근로소득세율이 다른 것처럼요.
 세 번째, 적은 금액의 소득이 발생할 경우에는 부분적으로 실업급여를 지급해야 합니다. 지금은 부분 실업급여가 없어, 아예 소득활동을 포기하게 만드는 부작용도 있으니까요.


4. 전 국민 고용보험을 도입해봅시다.

 코로나 대응 의료정책에서만 자랑스러워할 건가요? 예술인이든, 강사든 가리지 않고 임금을 보전해주고 실업급여를 주는 유럽과 캐나다를 언제까지 부러워만 할 건가요? 우리보다 코로나를 빨리 접한 중국이나 늦게 접한 유럽, 캐나다는 노동자들의 임금을 대부분 보전해주고 있습니다. 기업이 파산해도 정부가 생계를 책임집니다. 그들은 생계 걱정을 하지 않아요. 안전장치가 있으니까요.

 사실 국민 고용보험은 새로운 주장이 아닙니다. 예술인 고용보험, 건설노동자 노동보험... 그동안 각자 산발적으로 주장해왔을 뿐입니다. 이제 그 목소리를 하나로 모아야 합니다.

 전 국민 고용보험은 코로나가 불러올 경제위기와 생계곤란을 대비하는 효과적인 안전망입니다. 
 국민 고용보험을 도입해주십시오.									"
평택시 **번째 코로나확진자 거짓말로 대구봉사다녀 왔다고 환자들을 기만한 행위 엄중 처벌원합니다!,2020-04-07,2020-05-07,"7,689",http://www1.president.go.kr/petitions/587871,"
										안녕하세요. 얼마전 평택시 **번 코로나 바이러스에 감염된 **번 환자와 관련하여 그냥 넘길사안은 아닌 것 같아 청원글을 올리게 되었습니다.
우선 제 소개를 하자면 저는 **번 확진자가 근무했던 OOO한의원에서 3일간 치료를 받아서 현재 능동감시대상자로 분리되어있는 아버지의 자녀입니다. 
아버지는 3월25일(수)요일부터 26일,27일까지 OOO한의원에 방문하여 진료를 받으셨습니다.
진료를 받는 도중 병원에 종사하고 있는 간호사(혹은 간호조무사)가 마스크를 착용하지 않은체,  기침을 너무 심하게 하여 아버지도 어느정도는 찝찝하다는 생각을 하셨다고 합니다. 

그 후 3월28일 평택시 **번째 확진자가 발생했다는 안내문자를 받았구요
다음날인 3월29일 일요일날 보건소 직원분이 저희집으로 찾아와서 무슨일인가 싶었더니 저 여자가 근무하는 한의원에서 진료를 받은 저희 아버지가 능동감시 대상자가 되었다는겁니다.

정말 콧바람을 쐬러, 다른 사람들에게 피해를 주러 어디 돌아다니다가 능동감시자가 된것도 아닌 아픈곳을 치료받으러 간 병원에서 그것도 병원 종사자로 인해 능동감시자가 되었다니 청천벽력같은 소식이였고 그 이후로 아버지는 식사도 제대로 못하고 하루하루 피를 말리며 열체크를 하고 계십니다.

제가 이렇게 까지 글을 쓰게 된 이유가 있습니다. 
**번째 확진자인 저 여자가 근무하고 있는 한의원에서 3월16일(월요일) 환자들을 대상으로 단체 문자가 옵니다.

“(OOO한의원) 아버님 어머님! 저희 대구로 봉사갑니다! 3월20일부터 23일까지 다녀올께요! 화요일(24일)부터 정상진료합니다” 이와 같은 문자를 전체 환자들에게 돌렸고, 3월24일 화요일 “아버님, 어머님! 저희 봉사다녀 왔습니다! 오늘부터 정상진료합니다!” 라는 문자가 또 오게됩니다. 대구로 의료 봉사를 다녀온 줄 알았는데 그 중 한명이 코로나에 감염되자 역학 조사 결과 대구로 의료 봉사를 간 것이 아닌 “함께 일하는 동료들과 필리핀 여행을 다녀오셨더라구요?” 정말 소름끼쳤습니다. 현재 코로나19로 인해서 전 국민들이 힘들어하고 있고 가장 힘든건 현재 대구에서 피땀흘리며 말그대로 정말 본인 몸 조차 챙기지 못하면서 환자들을 위해 고생하고 계실 의사선생님, 간호사 선생님들에 대한 기만행위 아닌가요?! 필리핀으로 해외 여행을 다녀왔으면서 단 하루의 자가격리도 없이 바로 다음날 뻔뻔하게 “저희 봉사다녀왔습니다! 오늘부터 정상진료합니다!”라는 문자를 돌린 건 대체 어떻게 받아들이면 될까요?


심지어 이 한의원, 평소에 60세부터 시작해서 정말 연로하신 어르신들이 대기하면서 진료받는 곳입니다. 현재 코로나 감염사례, 사망사례도 젊은 사람들보다 나이 많이 드신 어르신들이 면역력이 약하여 회복 불가하며 사망률이 높은 편인데 다른 사람도 아닌 아픈 사람을 진료하고 치료하는 한의원 종사자들이 봉사활동을 다녀오겠다고 거짓말하고 해외여행을 다녀와서 단 하루의 자가격리 조차 없이 환자들을 진료했다는게 상식적으로 이해가 가시나요?


또한 이 환자가 확진 된 이후 3월29일(일) 평택시 홈페이지에 이 여자의 동선이 올라오게됩니다. 
24일부터 확진받는 날까지 OOO한의원에 출근했었죠. 접촉자가 9명이라는 평택시 보고에 제가 보건소 직원에게 물었습니다. “어떻게 접촉자가 9명 밖에 안되나요?”라고 물었더니, 역학조사팀에서 5시간동안 CCTV분석한 결과 동선이 그렇게 나왔다고 했습니다. 이틀이 지난 어제 황당한 일이 또 발생합니다. **번 환자와 점심식사를 한 50대 남성이 코로나19 확진을 받게 되면서 **번 환자가 그동안의 동선을 고의로 누락 하였고, 그로 인해 다시 추가 된 동선에서는 저희 집 근처 식당, 베이커리집, 근로복지공단평택지사, 평택고용지원센터 등이 추가 되었더라구요?! 이게.. 말이 된다고 생각하십니까? 그럼 이틀의 시간동안 저 여자가 방문한 후 그 장소에 방문하여 식사를 하고 빵을 사고 업무를 봤던 많은 사람들에 대한 보상은 어떻게 받아야 되는 걸까요? 


그리고 저 여자와 같이 식사하여 코로나에 확진된 18번 환자의 동선은 왜 3월29일 자택부터 공개가 되나요? 분명 저 여자가 귀국하고 나서 점심식사를 하였고, 그로인해 확진판정을 받았다는 기사를 봤는데 그럼 18번 환자의 동선 역시 저 여자와 함께 점심식사를 한 그날부터 동선 동선공개가 되어야 하는게 아닌가요?


정말 하루하루 코로나 때문에 많은 사람들이 고통받고 있고 더 많은 의료진이 고생하고 있습니다. 이 상황속에서 해외여행을 다녀왔다는 것 자체가 제 상식으로는 도저히 이해하려고 해도 이해가 되지않습니다. 하지만 더 화가나는건 후에 계속되는 거짓말로 인해서 정말 많은 사람들이 피해를 보고있는것과, 진짜로 대구에서 고생하고 있을 의료진들에 대한 기만 행위에 저는 더 화가납니다. 또한, 왜 저런 사람들의 치료비를 선량한 국민들이 낸 세금으로 내줘야 하는지도 도통 모르겠습니다. 

저 여자 한명으로 인하여 저희 가족 모두는 그날 이후 숨죽이고 하루하루 아버지의 상황을 주의 주시하고 있으며, 저 한의원에 그날 그 시간대에 방문한 모든 환자들이 아무탈 없기 건강하길 바랄뿐입니다. 이 모든 것을 참고 넘어가기엔 많은 분들이 알아야 될것같아서 고민 끝에 공론화 시키고자 합니다.
저 여자가 근무했던 한의원 다른 동료들에 대한 명백한 조사 및 국민세금으로 저 여자에게 지원해주고 있는 치료비 중단과 동시에 엄중한 처벌을 요청합니다.



아무리 생각해도 이 모든 것이 너무 화가나서 참을 수 가없습니다. 정말 뻔뻔하게 대구로 의료 봉사를 다녀오겠다고 환자들을 기만한 행위와 확진 판정을 받은 이후에도 버젓이 그 한의원에서 업무를 보았으며 확진 이후에 역학조사팀에 본인의 동선을 숨긴 것, 또 해외를 다녀왔음에도 단 하루의 격리시간조차 갖지 않고 아무렇지 않게 환자들에게 정상 영업한다고 홍보했던 것. (기사에는 동료4명이 필리핀 여행을 같이 다녀왔다고 하네요_)아무 이유없이 아픈곳을 치료받기 위해  저 한의원에 방문하여 진료를 받은 저희 아버지 포함 모든 환자들은 무슨 죄인가요? 

그렇다면 저 한의원 의사선생님도 20일~23일까지 필리핀 여행에 동행한것인지도 확인이 필요했고 보건소와 평택시에 정확한 사안을 요청해 놓은 상태입니다. 그러나 의사 선생님이 직원들 필리핀여행에 동행을 했건 안했건 어쨌든 그 기간동안 한의원 진료를 하지 않았기 때문에 직원들이 해외 여행을 간건 알고 계셨을테죠? 그리고 다녀온 다음날부터 정상진료한다고 환자들한테 단제문자 돌리신거구요?

저 여자로 인해 피해를 보고있는 것은 저희 아버지 포함, 환자들, 평택시민들이지만 이건 대한민국 많은 국민들이 꼭 아셔야 할 사안 같아서 공론화 시킵니다. 

또한 격리조치된 대부분의 환자들이 연세가 지긋하신 어르신들이겠지요? 

그래서 억울하셔도 저처럼 이렇게 SNS를 통해 공개도 못하고 계실테구요!



 ※제가 작성한 글은 어떠한 추측성을 가지고 쓴 내용이 아닌 있는 그대로의 사실만 작성한 것입니다. 또한 특정 한의원을 비방하고자 쓴 글이 아니며 이미 평택시 홈페이지 **번 환자 동선에 “관련 발생 상황에 대한 정보를 투명하게 공개하기 위해서 역학 조사 결과” 공개해 놓은 사안이기 때문에 구체적인 한의원 상호명은 언급하지 않겠습니다.



또한 평택보건소에 전화해서 확인한 결과 저 여자는 OOO한의원에 근무하는건 맞지만 의료관련 종사자는 아니라고하고 (그럼 간호사가 아닌 간호조무사인가요? 어쨌든 의사를 보좌해서 환자들을 진료하는데 기여하는 사람이니까요. 특정 직업에 대한 비하를 하는것이 아니니 오해하지 마시기 바랄게요.) 또한 같이 다녀온 4명의 사람들 또한 저여자와 같이 일하는 직장동료가 맞다고 합니다.

이 모든 상황을 저는 어떻게 이해해야 하며 어떠한 조취를 취해야 조금이라도 덜 억울해질까요?

이 시국에 해외여행이 맞다고 생각하십니까?

코로나로 인해 죽어나가고, 봉사하고 있는 분들에 대한 예의가 맞다고 생각하시나요?

 [본 게시물의 일부 내용이 국민 청원 요건에 위배되어 관리자에 의해 수정되었습니다]									"
경상북도 이철우 도지사를 탄핵하고 무분별한 코호트 격리 당장 철회 하여 주십시요!!,2020-03-11,2020-04-10,566,http://www1.president.go.kr/petitions/586566,"
										경상북도 이철우 도지사를 탄핵하고 무분별한 코호트 격리 당장 철회 하여 주십시요!!



 경상북도에 573개소 약 직원과 입소자가 합쳐 2만 7천여명이 생활시설에 경상북도 이철우 지사가 정치적 쇼로 강제 코호트 격리를 실시하였습니다.

이것은 행정의 무지를 넘어 우리나라의 정치인들과 공무원들이 얼마나 기초적인 사회보장시스템을 이해하지 못하고 모든 책임과 위험을 국민에게 떠넘기려는 꼼수임을 온 국민이 알아야 합니다.

사회복지시설 또는 노인요양시설, 주간보호시설, 아동시설 등에 개념과 시스템을 전혀 이해하지 못하는 처사임을 낱낱이 밝히 겠습니다.

1. 첫째 확진자가 없는 노인요양시설은 코호트 격리를 하고 수백명에 코로나환자를 입원시키고 있는 병원은 코호트 경리를 하지 않는다?
경상지역 의료원에 수백명정도의 코로나 확진 자가 있음에도 불구하고 언론에서 예기한 몇 몇 노인 시설에서 코로나 확진 자가 나왔다고 경북 사회복지서설을 전부 코호트 경리한다? 이 얼마나 무지한 짓인가.


2. 2주간 직원들이 가정에 돌아가지 못하고 밀집된 장소에서 아무런 사전 검사도 없이 하루
 이틀 만에 공문으로 코호트격리를 강제실시하며 이를 지키지 않을시 1천만원이하 징역2년 공문을 보내왔는데 만약 그중에 확진 자가 아무런 인지 없이 2주간 강제로 밖을 못나간다면 집단 살인을 하는 것이나 마찬가지 인대 그것은 누가 책임 질것인가?

3. 일반 병원시설과 다르게 시설 입소 생활하는 요양원과 주간보호, 장애인, 아동시설등은 가정과 같이 돌봄을 받고 있다. 그럼에도 다양한 원인으로  병원에 수시로 가야한다? 그럼 직원과 동행하여 코호트 경리되어 있는 병원에 외래진료가 이루어져야 될 상황이 빈번한대 코호트격리가 강제상황이면 외래진료를 가도 되는지? 누가 가는지 만약 못 가게 하여 누군가 시설 내에서 사망하거나 질병이 악화된다면 누구책임인지? 물어도 담당인 지자체 공무원과 지역 건강보험 관리공단등은 자신들의 아무런 지시를 받은 게 없다고 한다. 이무슨 말인가

4. 병세가 짖은 노인요양시설 및 다양한 입소시설에 환자가 있는 시설에 직원들에게 강제적으로 집으로 2주간 돌아가지 못하게 한다면? 개인적 가정적 문제로 퇴사 한다면 아무도 돌볼 사람이 없는데 그 인력의 확보는 어떻게 하며 그것은 누가 책임 질것인가?

5, 직원들 중 2주간의 코호트 격리를 강하게 거부하여 휴가 등을 사용하여 2주간 자유롭게 있다가 원내에 돌아 와서 만약 코로나 확진 자가 생긴다면 그것은 누구 책임인가?


6. 노인주간보호센터는 고령자이면서 보호자가 없거나 보호자 부재시의 시간에 일상생활을 하지 못하는 어른들이 유치원처럼 오전부터 오후까지 이용하는 서비스인대 만약 어르신이 2주간 혼자서 집에서 생활하다? 질병이 생겨 사망하거나 또는 코로나에 노출되어 인지하지 못하고 2주후 생활시설등에 돌아와 질병을 확산 시킨다면 그건 누가 책임질 것인가?

7. 요양원과 주간보호센터는 정부운영보다 민간시설이 절대적으로 많다. 그럼 하루이용자가 있어야 예산확보와 직원들 급여를 제공하는데 강제 휴원이나 코호트격리로 인한 추가예산 비용 은 개인 시설이 모두 피해를 보아야 하는가? 정부에서는 사실적으로 매일 거짓으로 마치 예산을 지원하는 것처럼 하지만 개인이 전액시설투자비를 재원마련 하고 입소대상자가 건강보험료로 그 돈을 돌려받는 보험시스템을 뿐인데 이럴 때는 개인시설이니 알아서 하라고 한다?  

8. 수천명의 직원들도 집에 고령자 부모, 미취학아동 등이 집에 있는데 2주 동안 누가 돌봄을 할 것인가? 대책은 있는가? 각 개인들이 알아서 해야 되는가? 경북도에서 그런 것은 모르겠고 그냥 시설 밖으로 나가면 안 된다 전시상황과 같으니 희생하라고 하면 되는가?

9. 요양원과 복지생활시설 등 각 입소 이용자 숫자에 맞는 시설로 설치되어 직원들의 별도의 취침공간이나 식사공간, 세면공간이 절대적으로 부족하며 아예 없는 곳이 대부분이다. 그럼 수십 명 수백 명의 직원들이 상주하는 생활시설들이 남녀 가리지 않고 한 복도 등을 이용하고 나머지의 취사 및 세면 등 개인생활에 대한 사회복지시설에 일한다는 명분으로 정부에서는 인권은 보장하지 않아도 되는가?

10. 일반 병원과 노인병원등은 수백명의 환자가와 고위험군 노인들이 있는대 왜 한명의 확진자도 없는 사회복지시설만 코호트 격리를 하는가? 힘없는 기관이라서 그런가? 현장에서 일하고 있는 종사자들과 협의와 서로간의 소통으로 현실을 듣고 판단해서 내린 결정이 아니라 단 하나의 복지현자에 개념도 없는 경북도지사와 공무원들의 탁상행정의 전형적인 행정오판이 아닌가?


당자 경상북도 도지사는 무지와 불통에서 실시한 사회복지 생활시설에 대한 코호트격리를 당장 철회하라 도지사 당신하나 정치적 인기 얻고자 신문 일면에 무언가 실시하면 대단한 일하는 것처럼 하는 대 위에 질문한 단하나의 대책이라도 생각해 보고 실시 하였는가? 
무능한 정치인과 그 밑에서 진실을 외면하고 기생충처럼 살아있는 소수의 공무원들이 정작 현장에서 잠밤 못자는 가장 취약한 근로자와 사업자를 이렇게 핏박해서 얻는거라고는 자신들은 할만큼 지시했으니 아무런 책임이 없다 라는게 당신들의 속마음이 아닌가?									"
주 90시간 이상의 심각한 과다업무로 인해 질병 사망한 아버지의 업무상 재해승인과 유족급여 지급을 청원합니다,2020-02-03,2020-03-04,179,http://www1.president.go.kr/petitions/584677,"
										주당 90여 시간의 심각한 과다업무로 인해 간염 정상수치 5년여 만에 간세포 암종으로 질병사망한 아버지의 업무상 재해승인과 유족급여 지급을 청원 드립니다.

아버지는 1966년생(만52세)으로 주당 90여 시간의 심각한 과다업무로 인해 2012년 간염 정상수치에서 2018년 1월에 간세포 암종을 진단받고  2019.06.02. 사망하였으며, 아래와 같은 사유로 업무상재해 승인과 유족급여 지급을 간곡히 청원 드립니다.

2018.1.12. 간세포 암종을 진단받고 근로복지공단에 산업재해보상보험법의 업무상 재해 요양급여 신청을 하였으나 “정신적 스트레스나 육체적 피로가 만성B형 간염의 간암으로의 이행 및 간암의 진행을 빠르게 한다는 과학적이고 정량적인 의학적 증거가 없으므로 스트레스 또는 과로가 B형 간염 또는 간암의 악화요인으로 인정되지 않는다.” 는 이유로 불승인되었습니다.

하지만 저희가족은 다음과 같은 근거로 아버지의 사망원인을 과중한 업무와 비정상적인 근로시간이라고 주장하는 바입니다.

1. 아버지는 1966년생(만52)으로, 특수화물운송업 종사자입니다. 
(나이를 언급하는 이유는 일반적인 과로로 사망할 만큼 연로한 나이가 아님을 알리기 위해서입니다.)
아버지께서 하시는 업무는 무게 30톤 이상, 크키 10M 이상의 중량물을 특수 운반차량에 싣고 운전하는 직업 입니다. 주요 업무 내용은 제품을 운반차량 실을 때 신호수 역할, 고정작업, 차량 운전 이송, 고정물 해체작업, 하역 시 신호수 역할을 하는 것으로 업무일과는 다음과 같습니다.

야간 10시 이후 중량물 운행~하차지 도착~익일 하차지 직원 출근시간(오전8시)까지 차량에서 대기~오전9시 경 중량물 하역 후 곧바로 주간 화물운송 작업 수행

이송 화물은 중량물이라 부득이하게 야간 10시 이후로 운행하였고, 수면은 대기시간이나 상차 후 또는 하역장소 도착 후 자투리 시간을 이용해 잠깐 잠깐 취하는 정도였습니다.
이에 따른 수면부족, 피로 누적으로 만성적 피로감은 지속적으로 발생하였습니다.
아버지는 발병을 진단받기 직전, 평소와는 다른 엄청난 피로감과 수면부족을 느꼈지만, 업무 특성상의 숙명이라 대수롭지 않게 여기고 업무에 임하였습니다. 

통상적으로 간암은 과도한 음주와 연관성이 있다고 보지만 아버지는 체질적으로 술을 전혀 하지 못합니다. 아버지의 간암 발생원인은 담배 등 여러 원인이 있겠지만, 1주 평균 90여 시간의 주-야-주-야 연속되는 과로와 비정상적인 근무시간, 그리고 불규칙적인 수면시간으로 인한 호르몬 교란, 수면장애, 정신적 스트레스, 제품에서 발생되는 각종 화학물질(방청제,페인트,신나,세척제)의 독성, 자동차 매연 등 복합적인 기인성이 상당하다고 판단됩니다.

2. 업무상 재해 승인 판례 근거
   가. 과로는 만병의 근원이며 특히 육체적 정신적 피로는 면역력을 약화시켜 간 기능 장애를 유발한다는 여러 학회의 발표에도 찾아 볼 수 있습니다.
  정부에서 정한 과로 판정기준을 초과하여 아버지는 주당 평균 90여 시간을 근무하였으며, 특히 발병일 직전 12주간은 92.69시간을 근무하였습니다.
※정부의 과로 판정 기준: ‘업무시간이 발병 전 12주 동안 주당 평균 60시간 이상이거나 4주 평균 64시간을 초과한 경우’, ‘발병 전 1주일 이내 업무의 양·시간이 평상시보다 30% 이상 많아진 경우’ 

  나. 2014년 대한간암학회에서 발표한 자료에 의하면 간암환자의 72%가 주변의 B형 간염자의 B형간염 바이러스의 영향을 받았다고 발표하였습니다. 아버지는 1990년 말경 직장동료로부터 B형간염바이러스에 감염되었으며 꾸준한 관리로 간기능 검사 결과 여러 간기능 수치가 2012년부터 정상이었으며 특수화물운반 작업을 하면서 과로에 의해 5여년 만에 급속히 암으로 진행되었다고 판단됩니다  

  다. 대법원판례 “2000두4538 산재요양 불승인 처분 취소” 
  B형간염에 감염된 근로자가 과중한 업무에 종사하다가 원발성 간종양 진단으로 사망하여  산재승인 판결 건으로,
“질병의 주된 발병원인이 직접적인 인과관계가 없더라도 업무상의 과로나 스트레스가 질병의 주된 발생 원인에 겹쳐서 질병을 유발 또는 악화 시켰다면 그사이에 인과관계가 있다고 보아야할 것이고, 그 인과관계가 반드시 과학적 자연과학적으로 명백히 입증하여야 하는 것은 아니고 제반사정으로 고려할 때 업무와 질병 사이에 상당인과관계가 있다고 추단되는 경우에도 그 입증이 있다고 보아야 하고, 또한 평소에 정상적인 근무가 가능한 기초질병이나 기존질병이 직무의 과중 등이 원인이 되어 자연적 진행속도 이상으로 급격하게 악화된 때에도 그 입증이 있는 경우에 포함되는 것이며 업무와 사망과의 인과관계의 유무는 보통평균인이 아니라 당해 근로자의 건강과 신체적  조건을 기준으로 판단하여야 한다.” 

위와 같이 과로의 기준, B형간염바이러스의 간암발생의 영향과 업무상의 과로나 스트레스가 질병을 유발의 기인성 등 학회자료, 대법원 판결에도 명확히 판결하고 있으므로,
아버지의 질병사망은 명확하게 업무와 관련성이 있다고 봅니다.

이에 따라 업무상 질병 승인과 유족급여 지급을 간곡히 청원 드립니다.									"
"공공기관 제대로 된 정규직 전환/무기계약직 처우개선(호봉인정, 직급수당)",2020-01-15,2020-02-14,315,http://www1.president.go.kr/petitions/584469,"
										기획재정부는 정규직 되었을 때의 임금인상분(임금 차액 보존, 경력인정, 호봉인정 등)에 대한 돈은 주지 않고 예산이 들어가지 않은 조건을 걸었고 전 집행부에선 대외협력의 힘을 바탕으로 동일노동과 동일임금을 원칙으로 동일노동을 하고 있는 284명에 대해 정규직전환을 요구하였습니다. 사측, 고용노동부 승인 등 급물살을 타면서 최종 기획재정부 승인을 남겨둔 상황이었습니다. 하지만 작년 하반기부터 채용비리가 전국적으로 터지면서 근로복지공단도 오랜 기간 본사에서 외부감사 등을 받았고 기획재정부는 채용비리 사건이 마무리되는 시점까지 잠정 보류상태로 돌아섰습니다. 현재 채용비리는 증거불충분으로 사건은 종료되었습니다. 

 근로기준법 6조에 의하면 “사용자는 근로자에 대하여 남녀의 성을 이유로 차별적 대우를 하지 못하고, 국적,신앙 또는 사회적 신분을 이유로 근로조건에 대한 차별적 처우를 하지 못한다.” 라고 규정하고 있습니다.

특히 지난 2016년 6월에는 서울남부 지방법원이 mbc소속 무기계약직 근로자들이 회사를 상대로 청구한 소송에서 근로자측의 손을 들어주며 “무기계약직은 근로기준법 제6조의 사회적 신분” 이라고 판단한 판례가 있는 바로 근로기준법 제6조에 의해 차별적 대우를 해서는 안된다고 판단됩니다.
 하지만 현실적으로는 근로복지공단 내 공공기관 무기계약직(공무직)과 정규직 사이에는 분명한 차별이 존재합니다.

1. 동일노동을 제공함에도 고용형태의 차이가 존재 (정규직과 공무직)
2. 승진체계를 마련하지 않아 승진 가능성 봉쇄
3. 경력과 군 호봉을 인정하지 않음

보건의료노조는 “간호사, 의료기사 등 보훈복지의료공단의 무기계약직은 정규직과 동일업무를 수행하면서도 단지 TO가 없어서 정규직으로 전환되지 못한 채 무기계약직으로 편법으로 고용되어 왔다.” 말했습니다. 이에 따라 보훈복지의료공단은 노사합의를 통해 2018년 9월 1일 자로 무기계약직 1013명을 정규직으로 인사발령 하여 정규직 전환을 이루어 냈습니다.

 보훈복지의료공단에서도 정규직 전환을 통해 공공기관으로서 의료의 질을 높이고자 근로자들의 복지에 힘쓰고 있습니다. 그러나 고용노동부 산하 기관으로서 근로자의 복지를 책임지는 우리 근로복지공단은 젊은 청년들을 차별대우를 하며 정규직 전환이라는 희망고문을 하고 있습니다.
기약 없는 희망고문으로 공무직들은 고통 받고 있습니다. 대통령님께 호소합니다. 
약속하신 공약 지켜주십시오.									"
